model name	final epoch	final loss
full-0	1459	242.08539601540477
full-1	1459	259.93379830255094
no5-mer-0	1459	244.79674908418963
no5-mer-1	1459	262.23451680176356
base-0	1459	236.9254019409582
base-1	1459	225.9494257609336
dual-0	3044	348.3946276492626
dual-1	474	1569.4926829014337
