model name	final epoch	final loss
full-0	129	1127.0741327906803
full-1	129	1117.3311554824654
full-2	129	1096.159595783872
no5-mer-0	129	1149.3862972983852
no5-mer-1	129	1152.0100284943455
no5-mer-2	129	1141.782939643621
base-0	129	1153.2273204102155
base-1	129	1171.852655726372
base-2	129	1155.6721962320023
dual-0	129	1064.3535321391769
dual-1	129	1071.0124116312172
dual-2	129	1075.2099460721208
